{"test/reward": -158.5, "_timestamp": 1705846867.187634, "test/fps": 8.2232547926298, "_runtime": 421.5771119594574, "_step": 9480, "_wandb": {"runtime": 415}}