{"train/policy_loss_sum": -117.98680877685547, "_timestamp": 1705776560.269206, "train/value_loss_sum": 49.41960525512695, "train/Sparsity_loss_sum": 1.8488999605178833, "train/entropies_sum": 5.442765712738037, "train/gamma": 0.8, "train/action_correct_rate": 0.6666666865348816, "_runtime": 1944.2698760032654, "_step": 8600, "train/ToM_loss_sum": 314.26727294921875, "train/ToM_loss_avg": 0.26188939809799194, "train/ToM_target_loss_avg": 0.2608538269996643, "train/ToM_target_acc_avg": 0.5133333206176758, "_wandb": {"runtime": 1940}}