{"test/reward": -150.5, "_timestamp": 1705836262.591864, "test/fps": 9.630015183279612, "_runtime": 46.728663206100464, "_step": 960, "_wandb": {"runtime": 42}}