{"test/reward": -121.5, "_timestamp": 1705788865.335618, "test/fps": 8.031783181316907, "_runtime": 113.4307770729065, "_step": 2280, "_wandb": {"runtime": 115}}