{"test/reward": -296.0, "_timestamp": 1705774514.1819038, "test/fps": 9.421462170539467, "_runtime": 680.5005259513855, "_step": 3000, "_wandb": {"runtime": 673}}