{"train/policy_loss_sum": 3056.190673828125, "_timestamp": 1705782821.5591319, "train/value_loss_sum": 73.11671447753906, "train/Sparsity_loss_sum": 7.44107723236084, "train/entropies_sum": 315.20428466796875, "train/gamma": 0.1, "train/action_correct_rate": 0.2222222238779068, "_runtime": 262.4808437824249, "_step": 6000, "train/ToM_loss_sum": 3745.393310546875, "train/ToM_loss_avg": 0.3467956781387329, "train/ToM_target_loss_avg": 0.23724430799484253, "train/ToM_target_acc_avg": 0.6666666865348816, "_wandb": {"runtime": 254}}