{"train/policy_loss_sum": -259.8650817871094, "_timestamp": 1705836260.8714812, "train/value_loss_sum": 108.31916046142578, "train/Sparsity_loss_sum": 8.232217788696289, "train/entropies_sum": 350.0107421875, "train/gamma": 0.1, "train/action_correct_rate": 0.3888888955116272, "_runtime": 45.005460262298584, "_step": 960, "train/ToM_loss_sum": 3983.755615234375, "train/ToM_loss_avg": 0.3688662648200989, "train/ToM_target_loss_avg": 0.3461504280567169, "train/ToM_target_acc_avg": 0.34231480956077576, "_wandb": {"runtime": 42}}