{"train/policy_loss_sum": -914.96337890625, "_timestamp": 1705779828.6142578, "train/value_loss_sum": 185.93801879882812, "train/Sparsity_loss_sum": 10.544958114624023, "train/entropies_sum": 224.57394409179688, "train/gamma": 0.1, "train/action_correct_rate": 0.5555555820465088, "_runtime": 151.25952672958374, "_step": 3360, "train/ToM_loss_sum": 2498.34423828125, "train/ToM_loss_avg": 0.34699225425720215, "train/ToM_target_loss_avg": 0.24996931850910187, "train/ToM_target_acc_avg": 0.5, "_wandb": {"runtime": 145}}