{"test/reward": -142.5, "_timestamp": 1705842815.2869031, "test/fps": 7.636593674267173, "_runtime": 40.92229723930359, "_step": 720, "_wandb": {"runtime": 32}}