{"test/reward": -157.5, "_timestamp": 1705786602.326299, "test/fps": 7.552624598919697, "_runtime": 140.92481184005737, "_step": 3120, "_wandb": {"runtime": 134}}