{"test/reward": -130.5, "_timestamp": 1705782490.852513, "test/fps": 8.431720228701373, "_runtime": 266.1667821407318, "_step": 6120, "_wandb": {"runtime": 262}}