{"test/reward": -198.0, "_timestamp": 1705788686.502597, "test/fps": 8.178590785088783, "_runtime": 49.23705005645752, "_step": 960, "_wandb": {"runtime": 44}}