{"train/policy_loss_sum": -2914.677001953125, "_timestamp": 1705836106.4893389, "train/value_loss_sum": 144.21524047851562, "train/Sparsity_loss_sum": 8.328984260559082, "train/entropies_sum": 354.89788818359375, "train/gamma": 0.1, "train/action_correct_rate": 0.3888888955116272, "_runtime": 195.5088129043579, "_step": 3960, "train/ToM_loss_sum": 3954.21826171875, "train/ToM_loss_avg": 0.3661313056945801, "train/ToM_target_loss_avg": 0.3311140239238739, "train/ToM_target_acc_avg": 0.39888888597488403, "_wandb": {"runtime": 189}}