{"test/reward": -173.5, "_timestamp": 1705836106.603036, "test/fps": 8.967323167967981, "_runtime": 195.97621893882751, "_step": 3960, "_wandb": {"runtime": 189}}