{"test/reward": -194.5, "_timestamp": 1705838423.4511292, "test/fps": 7.999462926683389, "_runtime": 332.1314492225647, "_step": 7680, "_wandb": {"runtime": 325}}