{"train/policy_loss_sum": 3930.9365234375, "_timestamp": 1705842810.619342, "train/value_loss_sum": 164.51803588867188, "train/Sparsity_loss_sum": 8.4288911819458, "train/entropies_sum": 354.27703857421875, "train/gamma": 0.1, "train/action_correct_rate": 0.1666666716337204, "_runtime": 36.25449514389038, "_step": 720, "train/ToM_loss_sum": 3979.092529296875, "train/ToM_loss_avg": 0.36843448877334595, "train/ToM_target_loss_avg": 0.3541181981563568, "train/ToM_target_acc_avg": 0.3399074077606201, "_wandb": {"runtime": 34}}