{"test/reward": -115.0, "_timestamp": 1705789037.7266161, "test/fps": 7.702002935693763, "_runtime": 81.3385910987854, "_step": 1800, "_wandb": {"runtime": 81}}