{"train/policy_loss_sum": 144.6757049560547, "_timestamp": 1705794199.005578, "train/value_loss_sum": 79.80067443847656, "train/Sparsity_loss_sum": 8.59454345703125, "train/entropies_sum": 341.68878173828125, "train/gamma": 0.1, "train/action_correct_rate": 0.2777777910232544, "_runtime": 1005.0179891586304, "_step": 24120, "train/ToM_loss_sum": 3899.588134765625, "train/ToM_loss_avg": 0.36107298731803894, "train/ToM_target_loss_avg": 0.3397367596626282, "train/ToM_target_acc_avg": 0.3399074077606201, "_wandb": {"runtime": 1002}}