{"train/policy_loss_sum": -115.09139251708984, "_timestamp": 1705848555.035414, "train/value_loss_sum": 19.519149780273438, "train/Sparsity_loss_sum": 9.11289119720459, "train/entropies_sum": 351.60931396484375, "train/gamma": 0.1, "train/action_correct_rate": 0.5, "_runtime": 326.5773968696594, "_step": 7200, "train/ToM_loss_sum": 3967.9423828125, "train/ToM_loss_avg": 0.3674020767211914, "train/ToM_target_loss_avg": 0.32310888171195984, "train/ToM_target_acc_avg": 0.38462963700294495, "_wandb": {"runtime": 323}}