{"test/reward": -118.5, "_timestamp": 1705794198.2089741, "test/fps": 8.470248490071555, "_runtime": 1004.136773109436, "_step": 24000, "_wandb": {"runtime": 1002}}