{"train/policy_loss_sum": -500.0400085449219, "_timestamp": 1705793138.2063801, "train/value_loss_sum": 3.927417278289795, "train/Sparsity_loss_sum": 8.712259292602539, "train/entropies_sum": 355.8161926269531, "train/gamma": 0.1, "train/action_correct_rate": 0.2777777910232544, "_runtime": 347.1983292102814, "_step": 7920, "train/ToM_loss_sum": 3957.58740234375, "train/ToM_loss_avg": 0.3664432764053345, "train/ToM_target_loss_avg": 0.3367319107055664, "train/ToM_target_acc_avg": 0.33629629015922546, "_wandb": {"runtime": 345}}