{"train/policy_loss_sum": 846.978271484375, "_timestamp": 1705783090.2738078, "train/value_loss_sum": 156.56744384765625, "train/Sparsity_loss_sum": 7.725563049316406, "train/entropies_sum": 343.8122863769531, "train/gamma": 0.1, "train/action_correct_rate": 0.1666666716337204, "_runtime": 149.24276781082153, "_step": 3360, "train/ToM_loss_sum": 3915.9248046875, "train/ToM_loss_avg": 0.3625856339931488, "train/ToM_target_loss_avg": 0.2419041395187378, "train/ToM_target_acc_avg": 0.6666666865348816, "_wandb": {"runtime": 143}}