{"test/reward": 209.0, "_timestamp": 1705773582.0506382, "test/fps": 8.981804063961057, "_runtime": 229.2815191745758, "_step": 980, "_wandb": {"runtime": 220}}