{"train/policy_loss_sum": 525.3267211914062, "_timestamp": 1705785586.812365, "train/value_loss_sum": 112.18714904785156, "train/Sparsity_loss_sum": 8.607843399047852, "train/entropies_sum": 355.8631286621094, "train/gamma": 0.1, "train/action_correct_rate": 0.3888888955116272, "_runtime": 244.32118701934814, "_step": 5520, "train/ToM_loss_sum": 3956.685546875, "train/ToM_loss_avg": 0.36635977029800415, "train/ToM_target_loss_avg": 0.3266960084438324, "train/ToM_target_acc_avg": 0.346574068069458, "_wandb": {"runtime": 242}}