{"test/reward": 196.0, "_timestamp": 1705773794.4956312, "test/fps": 8.552100210137235, "_runtime": 48.01101732254028, "_step": 960, "_wandb": {"runtime": 42}}