{"train/policy_loss_sum": 158.29470825195312, "_timestamp": 1705785314.546768, "train/value_loss_sum": 29.17009735107422, "train/Sparsity_loss_sum": 8.709471702575684, "train/entropies_sum": 354.6468200683594, "train/gamma": 0.1, "train/action_correct_rate": 0.2777777910232544, "_runtime": 695.4732539653778, "_step": 16200, "train/ToM_loss_sum": 3952.20166015625, "train/ToM_loss_avg": 0.36594459414482117, "train/ToM_target_loss_avg": 0.3548344671726227, "train/ToM_target_acc_avg": 0.3405555486679077, "_wandb": {"runtime": 692}}