{"train/policy_loss_sum": -348.4256591796875, "_timestamp": 1705842515.415214, "train/value_loss_sum": 3.2046868801116943, "train/Sparsity_loss_sum": 8.602158546447754, "train/entropies_sum": 355.00634765625, "train/gamma": 0.1, "train/action_correct_rate": 0.5, "_runtime": 481.9189889431, "_step": 11040, "train/ToM_loss_sum": 3954.86181640625, "train/ToM_loss_avg": 0.36619091033935547, "train/ToM_target_loss_avg": 0.355884850025177, "train/ToM_target_acc_avg": 0.340925931930542, "_wandb": {"runtime": 474}}