{"train/policy_loss_sum": 1149.9940185546875, "_timestamp": 1705782489.508428, "train/value_loss_sum": 123.71835327148438, "train/Sparsity_loss_sum": 7.455307483673096, "train/entropies_sum": 282.7309875488281, "train/gamma": 0.1, "train/action_correct_rate": 0.2777777910232544, "_runtime": 264.93625497817993, "_step": 6120, "train/ToM_loss_sum": 3560.46533203125, "train/ToM_loss_avg": 0.3296727240085602, "train/ToM_target_loss_avg": 0.23553778231143951, "train/ToM_target_acc_avg": 0.6666666865348816, "_wandb": {"runtime": 262}}