{"test/reward": -101.0, "_timestamp": 1705781206.421532, "test/fps": 8.693225578863853, "_runtime": 546.5910708904266, "_step": 12720, "_wandb": {"runtime": 540}}