{"test/reward": -164.0, "_timestamp": 1705781765.90542, "test/fps": 8.837204843423306, "_runtime": 420.3769600391388, "_step": 9840, "_wandb": {"runtime": 416}}