{"train/policy_loss_sum": 201.92311096191406, "_timestamp": 1705841858.291955, "train/value_loss_sum": 13.8526611328125, "train/Sparsity_loss_sum": 7.810111045837402, "train/entropies_sum": 349.3531494140625, "train/gamma": 0.1, "train/action_correct_rate": 0.4444444477558136, "_runtime": 526.3878500461578, "_step": 12120, "train/ToM_loss_sum": 3912.8271484375, "train/ToM_loss_avg": 0.3622988164424896, "train/ToM_target_loss_avg": 0.35306426882743835, "train/ToM_target_acc_avg": 0.3708333373069763, "_wandb": {"runtime": 522}}