{"test/reward": -142.0, "_timestamp": 1705793138.606022, "test/fps": 8.484008984225822, "_runtime": 347.8046429157257, "_step": 7920, "_wandb": {"runtime": 345}}