{"test/reward": -175.0, "_timestamp": 1705779653.650783, "test/fps": 8.421209026504306, "_runtime": 678.6577010154724, "_step": 16080, "_wandb": {"runtime": 673}}