{"test/reward": -160.5, "_timestamp": 1705841858.585184, "test/fps": 8.367661233633845, "_runtime": 525.4702460765839, "_step": 12120, "_wandb": {"runtime": 522}}