{"test/reward": -166.0, "_timestamp": 1705849324.827233, "test/fps": 8.788899297389536, "_runtime": 735.1566920280457, "_step": 16440, "_wandb": {"runtime": 726}}