{"train/policy_loss_sum": -26.432004928588867, "_timestamp": 1705774512.375764, "train/value_loss_sum": 4.326355457305908, "train/Sparsity_loss_sum": 1.7467684745788574, "train/entropies_sum": 37.4299430847168, "train/gamma": 0.8, "train/action_correct_rate": 0.6666666865348816, "_runtime": 678.6931920051575, "_step": 3000, "train/ToM_loss_sum": 415.3462219238281, "train/ToM_loss_avg": 0.3461218476295471, "train/ToM_target_loss_avg": 0.25452589988708496, "train/ToM_target_acc_avg": 0.5008333325386047, "_wandb": {"runtime": 672}}