{"train/policy_loss_sum": -1420.120361328125, "_timestamp": 1705780285.470576, "train/value_loss_sum": 288.1516418457031, "train/Sparsity_loss_sum": 10.369524955749512, "train/entropies_sum": 177.9852752685547, "train/gamma": 0.1, "train/action_correct_rate": 0.4444444477558136, "_runtime": 437.68994092941284, "_step": 10200, "train/ToM_loss_sum": 2401.67919921875, "train/ToM_loss_avg": 0.3335665464401245, "train/ToM_target_loss_avg": 0.2511712908744812, "train/ToM_target_acc_avg": 0.5, "_wandb": {"runtime": 431}}