{"test/reward": -207.0, "_timestamp": 1705788727.544841, "test/fps": 8.633770829726755, "_runtime": 19.904734134674072, "_step": 240, "_wandb": {"runtime": 17}}