{"test/reward": -136.5, "_timestamp": 1705778182.501545, "test/fps": 8.363127223973995, "_runtime": 1567.974268913269, "_step": 37440, "_wandb": {"runtime": 1563}}