{"train/policy_loss_sum": 413.87884521484375, "_timestamp": 1705779656.7044291, "train/value_loss_sum": 78.21376037597656, "train/Sparsity_loss_sum": 10.38113784790039, "train/entropies_sum": 162.91250610351562, "train/gamma": 0.1, "train/action_correct_rate": 0.5, "_runtime": 682.3146300315857, "_step": 16200, "train/ToM_loss_sum": 2301.1796875, "train/ToM_loss_avg": 0.31960830092430115, "train/ToM_target_loss_avg": 0.25116389989852905, "train/ToM_target_acc_avg": 0.5, "_wandb": {"runtime": 674}}