{"train/policy_loss_sum": 490.6573181152344, "_timestamp": 1705787033.919289, "train/value_loss_sum": 62.578399658203125, "train/Sparsity_loss_sum": 8.652324676513672, "train/entropies_sum": 349.90771484375, "train/gamma": 0.1, "train/action_correct_rate": 0.3888888955116272, "_runtime": 119.65369510650635, "_step": 2640, "train/ToM_loss_sum": 3921.3173828125, "train/ToM_loss_avg": 0.36308494210243225, "train/ToM_target_loss_avg": 0.30217355489730835, "train/ToM_target_acc_avg": 0.45787036418914795, "_wandb": {"runtime": 117}}