{"train/policy_loss_sum": -137.78317260742188, "_timestamp": 1705849322.298124, "train/value_loss_sum": 11.109420776367188, "train/Sparsity_loss_sum": 10.490777015686035, "train/entropies_sum": 394.7788391113281, "train/gamma": 0.1, "train/action_correct_rate": 0.3333333432674408, "_runtime": 732.3133749961853, "_step": 16440, "train/ToM_loss_sum": 3950.94140625, "train/ToM_loss_avg": 0.36582791805267334, "train/ToM_target_loss_avg": 0.3334684669971466, "train/ToM_target_acc_avg": 0.3362036943435669, "_wandb": {"runtime": 726}}