{"train/policy_loss_sum": -1035.3275146484375, "_timestamp": 1705786601.45376, "train/value_loss_sum": 61.190452575683594, "train/Sparsity_loss_sum": 8.494450569152832, "train/entropies_sum": 355.9240417480469, "train/gamma": 0.1, "train/action_correct_rate": 0.1666666716337204, "_runtime": 140.05012679100037, "_step": 3120, "train/ToM_loss_sum": 3951.16015625, "train/ToM_loss_avg": 0.3658481538295746, "train/ToM_target_loss_avg": 0.30097508430480957, "train/ToM_target_acc_avg": 0.4525925815105438, "_wandb": {"runtime": 134}}