{"test/reward": -215.0, "_timestamp": 1705787709.732424, "test/fps": 8.237045538389086, "_runtime": 53.952954053878784, "_step": 1080, "_wandb": {"runtime": 51}}