{"train/policy_loss_sum": 798.7066650390625, "_timestamp": 1705846868.036743, "train/value_loss_sum": 22.007652282714844, "train/Sparsity_loss_sum": 8.328734397888184, "train/entropies_sum": 337.5430908203125, "train/gamma": 0.1, "train/action_correct_rate": 0.5, "_runtime": 421.43132281303406, "_step": 9600, "train/ToM_loss_sum": 3857.0458984375, "train/ToM_loss_avg": 0.3571338653564453, "train/ToM_target_loss_avg": 0.20301499962806702, "train/ToM_target_acc_avg": 0.6997222304344177, "_wandb": {"runtime": 413}}