{"test/reward": -159.5, "_timestamp": 1705785587.3243809, "test/fps": 8.021841389816213, "_runtime": 244.95250391960144, "_step": 5520, "_wandb": {"runtime": 242}}