{"test/reward": -140.5, "_timestamp": 1705786255.638291, "test/fps": 7.557330376446334, "_runtime": 100.4750669002533, "_step": 2040, "_wandb": {"runtime": 95}}