{"test/reward": -172.0, "_timestamp": 1705842515.290878, "test/fps": 7.671856378771277, "_runtime": 480.30365014076233, "_step": 11020, "_wandb": {"runtime": 473}}