{"train/policy_loss_sum": 1108.5101318359375, "_timestamp": 1705838421.566018, "train/value_loss_sum": 6.052523136138916, "train/Sparsity_loss_sum": 8.571127891540527, "train/entropies_sum": 347.7770690917969, "train/gamma": 0.1, "train/action_correct_rate": 0.3333333432674408, "_runtime": 330.2444281578064, "_step": 7680, "train/ToM_loss_sum": 3903.38232421875, "train/ToM_loss_avg": 0.3614242970943451, "train/ToM_target_loss_avg": 0.35317370295524597, "train/ToM_target_acc_avg": 0.3380555510520935, "_wandb": {"runtime": 324}}