{"train/policy_loss_sum": -2039.3043212890625, "_timestamp": 1705787512.35115, "train/value_loss_sum": 123.03543090820312, "train/Sparsity_loss_sum": 8.657421112060547, "train/entropies_sum": 348.288330078125, "train/gamma": 0.1, "train/action_correct_rate": 0.5555555820465088, "_runtime": 74.87463212013245, "_step": 1680, "train/ToM_loss_sum": 3943.742431640625, "train/ToM_loss_avg": 0.36516132950782776, "train/ToM_target_loss_avg": 0.3078494369983673, "train/ToM_target_acc_avg": 0.3899074196815491, "_wandb": {"runtime": 73}}