{"test/reward": -133.5, "_timestamp": 1705847695.839953, "test/fps": 8.155267052513372, "_runtime": 788.9944970607758, "_step": 17280, "_wandb": {"runtime": 783}}