{"test/reward": -162.0, "_timestamp": 1705784229.550814, "test/fps": 8.540687756536771, "_runtime": 576.0153429508209, "_step": 12480, "_wandb": {"runtime": 573}}