{"test/reward": -165.5, "_timestamp": 1705848186.352533, "test/fps": 8.515976348661114, "_runtime": 32.22599720954895, "_step": 600, "_wandb": {"runtime": 52}}