{"train/policy_loss_sum": 48.184906005859375, "_timestamp": 1705781207.3164659, "train/value_loss_sum": 8.795246124267578, "train/Sparsity_loss_sum": 10.633322715759277, "train/entropies_sum": 210.3668670654297, "train/gamma": 0.1, "train/action_correct_rate": 0.4444444477558136, "_runtime": 546.0594718456268, "_step": 12840, "train/ToM_loss_sum": 2396.781494140625, "train/ToM_loss_avg": 0.33288630843162537, "train/ToM_target_loss_avg": 0.25093474984169006, "train/ToM_target_acc_avg": 0.5, "_wandb": {"runtime": 541}}