{"train/policy_loss_sum": 155.42352294921875, "_timestamp": 1705847697.396467, "train/value_loss_sum": 10.761341094970703, "train/Sparsity_loss_sum": 9.228020668029785, "train/entropies_sum": 354.8663024902344, "train/gamma": 0.1, "train/action_correct_rate": 0.0, "_runtime": 790.6482639312744, "_step": 17400, "train/ToM_loss_sum": 3961.346923828125, "train/ToM_loss_avg": 0.36679136753082275, "train/ToM_target_loss_avg": 0.15382014214992523, "train/ToM_target_acc_avg": 0.7530555725097656, "_wandb": {"runtime": 782}}