{"train/policy_loss_sum": -1649.6728515625, "_timestamp": 1705781765.6500459, "train/value_loss_sum": 168.22830200195312, "train/Sparsity_loss_sum": 10.722554206848145, "train/entropies_sum": 297.0511169433594, "train/gamma": 0.1, "train/action_correct_rate": 0.1111111119389534, "_runtime": 420.1220438480377, "_step": 9840, "train/ToM_loss_sum": 3716.2802734375, "train/ToM_loss_avg": 0.3441000282764435, "train/ToM_target_loss_avg": 0.2788309156894684, "train/ToM_target_acc_avg": 0.6285185217857361, "_wandb": {"runtime": 416}}