{"train/policy_loss_sum": -2187.1591796875, "_timestamp": 1705780388.734968, "train/value_loss_sum": 302.5138244628906, "train/Sparsity_loss_sum": 10.168185234069824, "train/entropies_sum": 219.14064025878906, "train/gamma": 0.1, "train/action_correct_rate": 0.6111111044883728, "_runtime": 42.08925199508667, "_step": 840, "train/ToM_loss_sum": 2504.64501953125, "train/ToM_loss_avg": 0.34786736965179443, "train/ToM_target_loss_avg": 0.25005877017974854, "train/ToM_target_acc_avg": 0.5, "_wandb": {"runtime": 39}}