{"train/policy_loss_sum": -1875.578369140625, "_timestamp": 1705788683.9126248, "train/value_loss_sum": 144.36383056640625, "train/Sparsity_loss_sum": 8.624828338623047, "train/entropies_sum": 354.69598388671875, "train/gamma": 0.1, "train/action_correct_rate": 0.3888888955116272, "_runtime": 46.638842821121216, "_step": 960, "train/ToM_loss_sum": 3978.6494140625, "train/ToM_loss_avg": 0.3683934509754181, "train/ToM_target_loss_avg": 0.32397815585136414, "train/ToM_target_acc_avg": 0.35268518328666687, "_wandb": {"runtime": 44}}