{"test/reward": 48.89999999999999, "_timestamp": 1705783090.143712, "test/fps": 7.314609070417019, "_runtime": 149.1073751449585, "_step": 3340, "_wandb": {"runtime": 143}}