{"test/reward": -146.0, "_timestamp": 1705779825.526815, "test/fps": 9.672315821345858, "_runtime": 148.16923904418945, "_step": 3240, "_wandb": {"runtime": 145}}