{"train/policy_loss_sum": 5439.72509765625, "_timestamp": 1705786256.341492, "train/value_loss_sum": 93.33576965332031, "train/Sparsity_loss_sum": 8.477850914001465, "train/entropies_sum": 355.9448547363281, "train/gamma": 0.1, "train/action_correct_rate": 0.2777777910232544, "_runtime": 101.20445799827576, "_step": 2160, "train/ToM_loss_sum": 3957.58203125, "train/ToM_loss_avg": 0.3664427697658539, "train/ToM_target_loss_avg": 0.3386074900627136, "train/ToM_target_acc_avg": 0.3387962877750397, "_wandb": {"runtime": 95}}