{"train/policy_loss_sum": -920.1913452148438, "_timestamp": 1705850601.545103, "train/value_loss_sum": 4.649749279022217, "train/Sparsity_loss_sum": 10.334855079650879, "train/entropies_sum": 390.2071838378906, "train/gamma": 0.1, "train/action_correct_rate": 0.1666666716337204, "_runtime": 922.3090989589691, "_step": 21000, "train/ToM_loss_sum": 3960.087890625, "train/ToM_loss_avg": 0.3666748106479645, "train/ToM_target_loss_avg": 0.3113245666027069, "train/ToM_target_acc_avg": 0.37351852655410767, "_wandb": {"runtime": 916}}