{"train/policy_loss_sum": -129.3272705078125, "_timestamp": 1705784233.708435, "train/value_loss_sum": 22.2999267578125, "train/Sparsity_loss_sum": 8.835638999938965, "train/entropies_sum": 354.56329345703125, "train/gamma": 0.1, "train/action_correct_rate": 0.2222222238779068, "_runtime": 580.4123909473419, "_step": 12600, "train/ToM_loss_sum": 3935.9716796875, "train/ToM_loss_avg": 0.36444181203842163, "train/ToM_target_loss_avg": 0.3374340236186981, "train/ToM_target_acc_avg": 0.35240739583969116, "_wandb": {"runtime": 573}}