{"train/policy_loss_sum": -71.66511535644531, "_timestamp": 1705787713.547106, "train/value_loss_sum": 97.87472534179688, "train/Sparsity_loss_sum": 8.365907669067383, "train/entropies_sum": 354.8940124511719, "train/gamma": 0.1, "train/action_correct_rate": 0.5555555820465088, "_runtime": 57.76457500457764, "_step": 1200, "train/ToM_loss_sum": 3952.814697265625, "train/ToM_loss_avg": 0.3660013675689697, "train/ToM_target_loss_avg": 0.31715720891952515, "train/ToM_target_acc_avg": 0.4182407259941101, "_wandb": {"runtime": 52}}