{"test/reward": -138.0, "_timestamp": 1705780390.946282, "test/fps": 7.7469054796425745, "_runtime": 44.30069398880005, "_step": 840, "_wandb": {"runtime": 39}}