{"train/policy_loss_sum": 98.9024429321289, "_timestamp": 1705778183.905092, "train/value_loss_sum": 382.25604248046875, "train/Sparsity_loss_sum": 10.536358833312988, "train/entropies_sum": 70.51187133789062, "train/gamma": 0.8, "train/action_correct_rate": 0.6111111044883728, "_runtime": 1569.3746089935303, "_step": 37560, "train/ToM_loss_sum": 1372.8079833984375, "train/ToM_loss_avg": 0.1906677782535553, "train/ToM_target_loss_avg": 0.2534337639808655, "train/ToM_target_acc_avg": 0.5076388716697693, "_wandb": {"runtime": 1563}}