{"test/reward": -118.5, "_timestamp": 1705785315.576871, "test/fps": 7.8347770145723015, "_runtime": 696.5613269805908, "_step": 16200, "_wandb": {"runtime": 692}}