{"test/reward": -123.0, "_timestamp": 1705787037.7574122, "test/fps": 7.482669260375519, "_runtime": 123.39303016662598, "_step": 2640, "_wandb": {"runtime": 118}}