{"test/reward": -172.0, "_timestamp": 1705847820.54623, "test/fps": 8.39956775600804, "_runtime": 36.45100808143616, "_step": 600, "_wandb": {"runtime": 274}}