{"test/reward": -145.0, "_timestamp": 1705787514.6192372, "test/fps": 7.3267354405225396, "_runtime": 77.35720419883728, "_step": 1680, "_wandb": {"runtime": 73}}