{"train/policy_loss_sum": -245.71133422851562, "_timestamp": 1705778937.3505569, "train/value_loss_sum": 84.75619506835938, "train/Sparsity_loss_sum": 1.8586328029632568, "train/entropies_sum": 37.429935455322266, "train/gamma": 0.8, "train/action_correct_rate": 0.3333333432674408, "_runtime": 698.9964838027954, "_step": 3040, "train/ToM_loss_sum": 415.9638671875, "train/ToM_loss_avg": 0.346636563539505, "train/ToM_target_loss_avg": 0.2516883611679077, "train/ToM_target_acc_avg": 0.5, "_wandb": {"runtime": 695}}