{"train/policy_loss_sum": -11908.1962890625, "_timestamp": 1705773791.525033, "train/value_loss_sum": 1352.1021728515625, "train/Sparsity_loss_sum": 10.306768417358398, "train/entropies_sum": 224.41326904296875, "train/gamma": 0.8, "train/action_correct_rate": 0.3888888955116272, "_runtime": 45.04107308387756, "_step": 960, "train/ToM_loss_sum": 2498.7099609375, "train/ToM_loss_avg": 0.3470430374145508, "train/ToM_target_loss_avg": 0.25088247656822205, "train/ToM_target_acc_avg": 0.5, "_wandb": {"runtime": 42}}