{"test/reward": -103.5, "_timestamp": 1705782818.8595252, "test/fps": 8.155592923465093, "_runtime": 257.938529253006, "_step": 5880, "_wandb": {"runtime": 253}}