{"test/reward": -170.5, "_timestamp": 1705848557.4237719, "test/fps": 7.582317956660992, "_runtime": 329.1470158100128, "_step": 7200, "_wandb": {"runtime": 321}}