{"test/reward": -239.0, "_timestamp": 1705776562.4524748, "test/fps": 8.68730445790665, "_runtime": 1945.8792939186096, "_step": 8600, "_wandb": {"runtime": 1940}}