{"test/reward": -140.0, "_timestamp": 1705778936.855541, "test/fps": 9.228629207836594, "_runtime": 698.5015099048615, "_step": 3020, "_wandb": {"runtime": 695}}