{"train/policy_loss_sum": 3146.6650390625, "_timestamp": 1705788864.809108, "train/value_loss_sum": 64.38489532470703, "train/Sparsity_loss_sum": 8.749059677124023, "train/entropies_sum": 355.6605224609375, "train/gamma": 0.1, "train/action_correct_rate": 0.4444444477558136, "_runtime": 112.77288603782654, "_step": 2280, "train/ToM_loss_sum": 3957.8359375, "train/ToM_loss_avg": 0.3664662837982178, "train/ToM_target_loss_avg": 0.33395880460739136, "train/ToM_target_acc_avg": 0.3421296179294586, "_wandb": {"runtime": 116}}