{"test/reward": -151.0, "_timestamp": 1705846395.371252, "test/fps": 7.460275887473257, "_runtime": 3544.860983133316, "_step": 85200, "_wandb": {"runtime": 3537}}