{"train/policy_loss_sum": -389.6002502441406, "_timestamp": 1705846393.8485372, "train/value_loss_sum": 4.950319290161133, "train/Sparsity_loss_sum": 6.631066799163818, "train/entropies_sum": 354.0950927734375, "train/gamma": 0.1, "train/action_correct_rate": 0.3333333432674408, "_runtime": 3543.7385852336884, "_step": 85200, "train/ToM_loss_sum": 3950.776123046875, "train/ToM_loss_avg": 0.36581259965896606, "train/ToM_target_loss_avg": 0.37670448422431946, "train/ToM_target_acc_avg": 0.3364814817905426, "_wandb": {"runtime": 3537}}