{"test/reward": -167.5, "_timestamp": 1705780285.591501, "test/fps": 9.273358757681086, "_runtime": 438.7357449531555, "_step": 10200, "_wandb": {"runtime": 432}}