{"test/reward": -120.0, "_timestamp": 1705835359.077298, "test/fps": 7.518172753976487, "_runtime": 508.8256130218506, "_step": 11880, "_wandb": {"runtime": 504}}