{"test/reward": -155.0, "_timestamp": 1705850600.210281, "test/fps": 8.834988737996271, "_runtime": 921.3681309223175, "_step": 20880, "_wandb": {"runtime": 911}}