{"train/policy_loss_sum": -488.27008056640625, "_timestamp": 1705789035.558732, "train/value_loss_sum": 72.43254089355469, "train/Sparsity_loss_sum": 8.634968757629395, "train/entropies_sum": 355.9495544433594, "train/gamma": 0.1, "train/action_correct_rate": 0.3888888955116272, "_runtime": 79.2814359664917, "_step": 1800, "train/ToM_loss_sum": 3956.02490234375, "train/ToM_loss_avg": 0.3662986159324646, "train/ToM_target_loss_avg": 0.33759212493896484, "train/ToM_target_acc_avg": 0.35092592239379883, "_wandb": {"runtime": 80}}