{"train/policy_loss_sum": 28.559093475341797, "_timestamp": 1705773580.7317, "train/value_loss_sum": 59.31068420410156, "train/Sparsity_loss_sum": 1.722219705581665, "train/entropies_sum": 34.06742477416992, "train/gamma": 0.8, "train/action_correct_rate": 0.3333333432674408, "_runtime": 227.96258401870728, "_step": 980, "train/ToM_loss_sum": 400.7713317871094, "train/ToM_loss_avg": 0.3339761197566986, "train/ToM_target_loss_avg": 0.2500322163105011, "train/ToM_target_acc_avg": 0.5, "_wandb": {"runtime": 222}}