{"train/policy_loss_sum": 1856.2015380859375, "_timestamp": 1705835357.654509, "train/value_loss_sum": 57.48921585083008, "train/Sparsity_loss_sum": 8.16923999786377, "train/entropies_sum": 352.8979797363281, "train/gamma": 0.1, "train/action_correct_rate": 0.2222222238779068, "_runtime": 507.4056751728058, "_step": 11880, "train/ToM_loss_sum": 3935.045654296875, "train/ToM_loss_avg": 0.36435607075691223, "train/ToM_target_loss_avg": 0.3418408930301666, "train/ToM_target_acc_avg": 0.33888888359069824, "_wandb": {"runtime": 504}}